{"cameraMode":{"drawMode":0,"name":"Shaded","section":"Shading Mode"},"sceneLighting":false,"audioPlay":false,"sceneViewState":{"showFog":true,"showMaterialUpdate":false,"showSkybox":false,"showFlares":true,"showImageEffects":true,"showParticleSystems":true},"in2DMode":false,"pivot":{"x":0.0000019073486328125,"y":0.544814944267273,"z":-0.005593776702880859},"rotation":{"x":0.07386497408151627,"y":0.8935713768005371,"z":-0.15983490645885468,"w":0.4129493236541748},"size":8.421728134155274,"orthographic":false}