{"cameraMode":{"drawMode":0,"name":"Shaded","section":"Shading Mode"},"sceneLighting":false,"audioPlay":false,"sceneViewState":{"showFog":true,"showMaterialUpdate":false,"showSkybox":false,"showFlares":true,"showImageEffects":true,"showParticleSystems":true},"in2DMode":false,"pivot":{"x":-2.955289840698242,"y":-2.6637139320373537,"z":-1.7793059349060059},"rotation":{"x":0.10233558714389801,"y":0.7142670154571533,"z":-0.10685524344444275,"w":0.6840556263923645},"size":8.421728134155274,"orthographic":false}