{"cameraMode":{"drawMode":0,"name":"Shaded","section":"Shading Mode"},"sceneLighting":false,"audioPlay":false,"sceneViewState":{"showFog":true,"showMaterialUpdate":false,"showSkybox":false,"showFlares":true,"showImageEffects":true,"showParticleSystems":true},"in2DMode":false,"pivot":{"x":302.6371154785156,"y":2.0,"z":466.86334228515627},"rotation":{"x":-0.3684041202068329,"y":-0.02175956405699253,"z":0.008622241206467152,"w":-0.9293752908706665},"size":34.015621185302737,"orthographic":false}