{"cameraMode":{"drawMode":0,"name":"Shaded","section":"Shading Mode"},"sceneLighting":false,"audioPlay":false,"sceneViewState":{"showFog":true,"showMaterialUpdate":false,"showSkybox":false,"showFlares":true,"showImageEffects":true,"showParticleSystems":true},"in2DMode":false,"pivot":{"x":298.5501708984375,"y":0.2434999942779541,"z":465.8212585449219},"rotation":{"x":0.10941363126039505,"y":0.8002193570137024,"z":-0.15381309390068055,"w":0.5692278742790222},"size":5.256844997406006,"orthographic":false}