{"cameraMode":{"drawMode":0,"name":"Shaded","section":"Shading Mode"},"sceneLighting":false,"audioPlay":false,"sceneViewState":{"showFog":true,"showMaterialUpdate":false,"showSkybox":false,"showFlares":true,"showImageEffects":true,"showParticleSystems":true},"in2DMode":false,"pivot":{"x":3.900911331176758,"y":11.278188705444336,"z":45.14818572998047},"rotation":{"x":0.15781524777412415,"y":-0.5518343448638916,"z":0.107273630797863,"w":0.8118293285369873},"size":132.70797729492188,"orthographic":true}