{"cameraMode":{"drawMode":0,"name":"Shaded","section":"Shading Mode"},"sceneLighting":false,"audioPlay":false,"sceneViewState":{"showFog":true,"showMaterialUpdate":false,"showSkybox":false,"showFlares":true,"showImageEffects":true,"showParticleSystems":true},"in2DMode":false,"pivot":{"x":-33.374427795410159,"y":-0.43048715591430666,"z":-130.5093536376953},"rotation":{"x":0.003787718713283539,"y":0.9893057942390442,"z":-0.14345291256904603,"w":0.026121720671653749},"size":9.395838737487793,"orthographic":false}