{"cameraMode":{"drawMode":0,"name":"Shaded","section":"Shading Mode"},"sceneLighting":false,"audioPlay":false,"sceneViewState":{"showFog":true,"showMaterialUpdate":false,"showSkybox":false,"showFlares":true,"showImageEffects":true,"showParticleSystems":true},"in2DMode":false,"pivot":{"x":0.245361328125,"y":0.7894287109375,"z":-0.984375},"rotation":{"x":-0.014153414405882359,"y":-0.9835399985313416,"z":0.08875803649425507,"w":-0.15680895745754243},"size":3.8722403049468996,"orthographic":true}