{"cameraMode":{"drawMode":0,"name":"Shaded","section":"Shading Mode"},"sceneLighting":false,"audioPlay":false,"sceneViewState":{"showFog":true,"showMaterialUpdate":false,"showSkybox":false,"showFlares":true,"showImageEffects":true,"showParticleSystems":true},"in2DMode":false,"pivot":{"x":309.2022705078125,"y":0.46623629331588747,"z":459.4139709472656},"rotation":{"x":0.5372530817985535,"y":-0.10688693076372147,"z":0.06887336820363999,"w":0.8337810635566711},"size":3.9118001461029054,"orthographic":false}