{"cameraMode":{"drawMode":0,"name":"Shaded","section":"Shading Mode"},"sceneLighting":true,"audioPlay":false,"sceneViewState":{"showFog":true,"showMaterialUpdate":false,"showSkybox":true,"showFlares":true,"showImageEffects":true,"showParticleSystems":true},"in2DMode":false,"pivot":{"x":499.0892639160156,"y":69.95172119140625,"z":415.0980529785156},"rotation":{"x":0.0058088358491659168,"y":-0.9938037991523743,"z":0.0911874994635582,"w":0.06330288201570511},"size":11.328145027160645,"orthographic":false}