{"cameraMode":{"drawMode":0,"name":"Shaded","section":"Shading Mode"},"sceneLighting":false,"audioPlay":false,"sceneViewState":{"showFog":true,"showMaterialUpdate":false,"showSkybox":false,"showFlares":true,"showImageEffects":true,"showParticleSystems":true},"in2DMode":false,"pivot":{"x":2.587890625,"y":7.25048828125,"z":1.399261474609375},"rotation":{"x":-0.0204695425927639,"y":0.7104054093360901,"z":0.020680150017142297,"w":0.703193187713623},"size":16.701753616333009,"orthographic":true}