{"cameraMode":{"drawMode":0,"name":"Shaded","section":"Shading Mode"},"sceneLighting":false,"audioPlay":false,"sceneViewState":{"showFog":true,"showMaterialUpdate":false,"showSkybox":false,"showFlares":true,"showImageEffects":true,"showParticleSystems":true},"in2DMode":false,"pivot":{"x":302.4750671386719,"y":0.5448154211044312,"z":432.3644104003906},"rotation":{"x":0.29030874371528628,"y":0.5031677484512329,"z":-0.18424095213413239,"w":0.7928420901298523},"size":8.421730995178223,"orthographic":false}