{"cameraMode":{"drawMode":0,"name":"Shaded","section":"Shading Mode"},"sceneLighting":false,"audioPlay":false,"sceneViewState":{"showFog":true,"showMaterialUpdate":false,"showSkybox":false,"showFlares":true,"showImageEffects":true,"showParticleSystems":true},"in2DMode":false,"pivot":{"x":-0.8215126991271973,"y":0.3128213882446289,"z":1.384998083114624},"rotation":{"x":0.3834702968597412,"y":0.4844001233577728,"z":-0.2490508258342743,"w":0.7458431720733643},"size":10.057267189025879,"orthographic":false}