{"cameraMode":{"drawMode":0,"name":"Shaded","section":"Shading Mode"},"sceneLighting":false,"audioPlay":false,"sceneViewState":{"showFog":true,"showMaterialUpdate":false,"showSkybox":false,"showFlares":true,"showImageEffects":true,"showParticleSystems":true},"in2DMode":false,"pivot":{"x":-0.01954209804534912,"y":-0.000016868114471435547,"z":-0.08043485879898071},"rotation":{"x":0.1737774759531021,"y":0.7544059157371521,"z":-0.22102239727973939,"w":0.5931464433670044},"size":1.6700618267059327,"orthographic":false}