{"cameraMode":{"drawMode":0,"name":"Shaded","section":"Shading Mode"},"sceneLighting":false,"audioPlay":false,"sceneViewState":{"showFog":true,"showMaterialUpdate":false,"showSkybox":false,"showFlares":true,"showImageEffects":true,"showParticleSystems":true},"in2DMode":false,"pivot":{"x":1.12255859375,"y":0.72515869140625,"z":0.1920013427734375},"rotation":{"x":0.032079607248306277,"y":-0.7427860498428345,"z":0.035681091248989108,"w":0.6678105592727661},"size":2.223161220550537,"orthographic":true}