{"cameraMode":{"drawMode":0,"name":"Shaded","section":"Shading Mode"},"sceneLighting":true,"audioPlay":false,"sceneViewState":{"showFog":true,"showMaterialUpdate":false,"showSkybox":true,"showFlares":true,"showImageEffects":true,"showParticleSystems":true},"in2DMode":false,"pivot":{"x":304.84033203125,"y":1.63385009765625,"z":482.0135498046875},"rotation":{"x":0.10762076079845429,"y":-0.055745210498571399,"z":0.006043834611773491,"w":0.9926116466522217},"size":3.6761434078216554,"orthographic":true}